mp_id,mp_name,component_variant_ids,component_profile_ids,genes,evidence_id,disease,therapies,interaction_type,level,direction,significance,status,civic_url,retrieved_date
4170,BRAF V600E AND BRAF V600M,12; 1405,12; 1313,BRAF,73,Melanoma,Dabrafenib,,C,SUPPORTS,SENSITIVITYRESPONSE,ACCEPTED,https://civicdb.org/molecular-profiles/4170/summary,2026-10-02
4173,BRAF V600E AND BRAF Amplification,12; 1269,12; 1243,BRAF,92,Colorectal Cancer,Selumetinib,,E,SUPPORTS,RESISTANCE,ACCEPTED,https://civicdb.org/molecular-profiles/4173/summary,2026-10-02
4173,BRAF V600E AND BRAF Amplification,12; 1269,12; 1243,BRAF,9885,Epithelial Ovarian Cancer,Atezolizumab; Bevacizumab,COMBINATION,B,SUPPORTS,SENSITIVITYRESPONSE,SUBMITTED,https://civicdb.org/molecular-profiles/4173/summary,2026-10-02
4177,NTRK1 G595R AND NTRK1 G667S,2690; 4302,2559; 4176,NTRK1,9593,Lung Non-small Cell Carcinoma,Larotrectinib,,C,SUPPORTS,RESISTANCE,ACCEPTED,https://civicdb.org/molecular-profiles/4177/summary,2026-10-02
4189,FLT3 ITD AND KDM6A Loss,55; 4310,55; 4187,FLT3; KDM6A,11035,Acute Myeloid Leukemia,Olaparib,,D,SUPPORTS,SENSITIVITYRESPONSE,SUBMITTED,https://civicdb.org/molecular-profiles/4189/summary,2026-10-02
4204,CBL S80N AND CBL H94Y,2701; 4323,2570; 4203,CBL,7296,Lung Non-small Cell Carcinoma,SU11274,,D,SUPPORTS,SENSITIVITYRESPONSE,SUBMITTED,https://civicdb.org/molecular-profiles/4204/summary,2026-10-02
4212,EGFR Overexpression AND KRAS Mutation,193; 336,193; 332,EGFR; KRAS,11059,Colorectal Adenocarcinoma,Cetuximab,,B,SUPPORTS,ADVERSE_RESPONSE,SUBMITTED,https://civicdb.org/molecular-profiles/4212/summary,2026-10-02
4216,PIK3CA E542K AND PTEN Loss,103; 214,103; 214,PIK3CA; PTEN,11063,Stomach Cancer,Capivasertib,,D,SUPPORTS,SENSITIVITYRESPONSE,SUBMITTED,https://civicdb.org/molecular-profiles/4216/summary,2026-10-02
4241,BRAF V600E AND EZH2 Y646F,12; 2989,12; 2858,BRAF; EZH2,6952,Melanoma,JQEZ5,,D,SUPPORTS,SENSITIVITYRESPONSE,ACCEPTED,https://civicdb.org/molecular-profiles/4241/summary,2026-10-02
4243,FLT3 Overexpression AND FLT3LG Expression,603; 4336,599; 4242,FLT3; FLT3LG,11088,Acute Myeloid Leukemia,Midostaurin; Lestaurtinib; Linifanib; Quizartinib; Sunitinib; FLT3 Tyrosine Kinase Inhibitor TTT-3002; Ponatinib; KW2449,SUBSTITUTES,D,SUPPORTS,SENSITIVITYRESPONSE,SUBMITTED,https://civicdb.org/molecular-profiles/4243/summary,2026-10-02
4243,FLT3 Overexpression AND FLT3LG Expression,603; 4336,599; 4242,FLT3; FLT3LG,11089,Acute Myeloid Leukemia,Crenolanib; R406; AG1295,SUBSTITUTES,D,DOES_NOT_SUPPORT,SENSITIVITYRESPONSE,ACCEPTED,https://civicdb.org/molecular-profiles/4243/summary,2026-10-02
4245,EGFR Amplification AND EGFR EGFRVIII,190; 1516,190; 1424,EGFR,773,Glioblastoma,Afatinib,,C,SUPPORTS,SENSITIVITYRESPONSE,ACCEPTED,https://civicdb.org/molecular-profiles/4245/summary,2026-10-02
4251,BRAF V600E AND EGFR L858R AND EGFR T790M,12; 33; 34,12; 33; 34,BRAF; EGFR,11098,Lung Adenocarcinoma,Osimertinib,,C,SUPPORTS,RESISTANCE,SUBMITTED,https://civicdb.org/molecular-profiles/4251/summary,2026-10-02
4366,MET Amplification AND MET Splice Site (c.3028G>A),270; 4386,266; 4300,MET,1095,Lung Non-small Cell Carcinoma,Crizotinib,,C,SUPPORTS,SENSITIVITYRESPONSE,ACCEPTED,https://civicdb.org/molecular-profiles/4366/summary,2026-10-02
4368,MTOR E2014K AND MTOR E2419K,572; 4427,568; 4367,MTOR,1438,Transitional Cell Carcinoma,Pazopanib; Everolimus,COMBINATION,C,SUPPORTS,SENSITIVITYRESPONSE,ACCEPTED,https://civicdb.org/molecular-profiles/4368/summary,2026-10-02
4408,BRCA1 Mutation AND BRCA2 Mutation,185; 186,185; 186,BRCA1; BRCA2,12941,Prostate Cancer,Olaparib,,A,SUPPORTS,SENSITIVITYRESPONSE,SUBMITTED,https://civicdb.org/molecular-profiles/4408/summary,2026-10-02
4414,FLT3 ITD AND FLT3 D835 AND FLT3 I836,55; 437; 3232,55; 433; 3101,FLT3,11260,Acute Myeloid Leukemia,Gilteritinib,,A,SUPPORTS,SENSITIVITYRESPONSE,SUBMITTED,https://civicdb.org/molecular-profiles/4414/summary,2026-10-02
4444,ARAF Mutation AND ARAF S225V AND ARAF P216A,4471; 4472; 4473,4441; 4442; 4443,ARAF,11296,Erdheim-Chester Disease,Cobimetinib,,B,SUPPORTS,SENSITIVITYRESPONSE,SUBMITTED,https://civicdb.org/molecular-profiles/4444/summary,2026-10-02
4447,RET M918T AND RET V804M,113; 2568,113; 2441,RET,6950,Medullary Thyroid Carcinoma,Selpercatinib,,C,SUPPORTS,SENSITIVITYRESPONSE,ACCEPTED,https://civicdb.org/molecular-profiles/4447/summary,2026-10-02
4448,BRAF V600R AND BRAF Non-V600,16; 2408,16; 2281,BRAF,11308,Melanoma,Dabrafenib; Trametinib,COMBINATION,B,SUPPORTS,SENSITIVITYRESPONSE,SUBMITTED,https://civicdb.org/molecular-profiles/4448/summary,2026-10-02
4452,BRAF V600E AND CDKN2A Deletion AND CDKN2B Deletion AND TET2 E796K AND BAX L76R AND AXIN2 P455K,12; 2654; 4314; 4476; 4477; 4478,12; 2523; 4192; 4449; 4450; 4451,AXIN2; BAX; BRAF; CDKN2A; CDKN2B; TET2,11314,Ganglioglioma,Vemurafenib; Cobimetinib,COMBINATION,C,SUPPORTS,SENSITIVITYRESPONSE,SUBMITTED,https://civicdb.org/molecular-profiles/4452/summary,2026-10-02
4457,PTEN Deletion AND BRCA2 Deletion AND TP53 Deletion,213; 4479; 4480,213; 4455; 4456,BRCA2; PTEN; TP53,11319,Uterine Leiomyosarcoma,Olaparib,,C,SUPPORTS,SENSITIVITYRESPONSE,SUBMITTED,https://civicdb.org/molecular-profiles/4457/summary,2026-10-02
4495,KRAS G12R AND GATA3 Mutation AND GNAS Mutation,530; 4506; 4507,526; 4493; 4494,GATA3; GNAS; KRAS,11330,Histiocytosis-Lymphadenopathy Plus Syndrome,Cobimetinib,,C,SUPPORTS,SENSITIVITYRESPONSE,SUBMITTED,https://civicdb.org/molecular-profiles/4495/summary,2026-10-02
4520,MDM2 Amplification AND MET D1010H,1261; 1660,1235; 1568,MDM2; MET,11374,Lung Non-small Cell Carcinoma,Crizotinib,,C,SUPPORTS,SENSITIVITYRESPONSE,SUBMITTED,https://civicdb.org/molecular-profiles/4520/summary,2026-10-02
4521,MET Amplification AND MET Exon 14 Skipping Mutation,270; 324,266; 320,MET,11375,Lung Sarcomatoid Carcinoma,Crizotinib,,C,SUPPORTS,SENSITIVITYRESPONSE,SUBMITTED,https://civicdb.org/molecular-profiles/4521/summary,2026-10-02
4522,PIK3CA E545K AND MET Exon 14 Skipping Mutation,104; 324,104; 320,MET; PIK3CA,11376,Lung Adenocarcinoma,Crizotinib; Pictilisib,COMBINATION,D,SUPPORTS,SENSITIVITYRESPONSE,SUBMITTED,https://civicdb.org/molecular-profiles/4522/summary,2026-10-02
4524,MET Exon 14 Skipping Mutation AND MET Overexpression,324; 621,320; 617,MET,11382,Lung Sarcomatoid Carcinoma,Crizotinib,,C,SUPPORTS,SENSITIVITYRESPONSE,SUBMITTED,https://civicdb.org/molecular-profiles/4524/summary,2026-10-02
4531,MET Exon 14 Skipping Mutation AND MET Y1230C,324; 4519,320; 4530,MET,11389,Lung Adenocarcinoma,Crizotinib,,C,SUPPORTS,RESISTANCE,SUBMITTED,https://civicdb.org/molecular-profiles/4531/summary,2026-10-02
4533,MET Exon 14 Skipping Mutation AND MET Y1230H,324; 4520,320; 4532,MET,11392,Lung Adenocarcinoma,Crizotinib,,C,SUPPORTS,RESISTANCE,SUBMITTED,https://civicdb.org/molecular-profiles/4533/summary,2026-10-02
4535,EGFR Exon 19 Deletion AND MET Exon 14 Skipping Mutation,133; 324,133; 320,EGFR; MET,11394,Lung Adenocarcinoma,Afatinib; Crizotinib,COMBINATION,C,SUPPORTS,SENSITIVITYRESPONSE,SUBMITTED,https://civicdb.org/molecular-profiles/4535/summary,2026-10-02
4537,MET Exon 14 Skipping Mutation AND CD274 Overexpression,324; 4522,320; 4536,CD274; MET,11396,Lung Adenocarcinoma,Pembrolizumab,,C,SUPPORTS,RESISTANCE,SUBMITTED,https://civicdb.org/molecular-profiles/4537/summary,2026-10-02
4537,MET Exon 14 Skipping Mutation AND CD274 Overexpression,324; 4522,320; 4536,CD274; MET,11397,Lung Adenocarcinoma,Pemetrexed; Carboplatin,COMBINATION,C,SUPPORTS,SENSITIVITYRESPONSE,SUBMITTED,https://civicdb.org/molecular-profiles/4537/summary,2026-10-02
4537,MET Exon 14 Skipping Mutation AND CD274 Overexpression,324; 4522,320; 4536,CD274; MET,11414,Lung Sarcomatoid Carcinoma,Nivolumab,,C,SUPPORTS,SENSITIVITYRESPONSE,SUBMITTED,https://civicdb.org/molecular-profiles/4537/summary,2026-10-02
4537,MET Exon 14 Skipping Mutation AND CD274 Overexpression,324; 4522,320; 4536,CD274; MET,11419,Lung Non-small Cell Carcinoma,Pembrolizumab,,B,DOES_NOT_SUPPORT,SENSITIVITYRESPONSE,SUBMITTED,https://civicdb.org/molecular-profiles/4537/summary,2026-10-02
4537,MET Exon 14 Skipping Mutation AND CD274 Overexpression,324; 4522,320; 4536,CD274; MET,11457,Lung Sarcomatoid Carcinoma,Carboplatin/Pemetrexed Regimen; Pembrolizumab,COMBINATION,C,SUPPORTS,SENSITIVITYRESPONSE,SUBMITTED,https://civicdb.org/molecular-profiles/4537/summary,2026-10-02
4537,MET Exon 14 Skipping Mutation AND CD274 Overexpression,324; 4522,320; 4536,CD274; MET,11460,Lung Adenocarcinoma,Tepotinib,,C,SUPPORTS,SENSITIVITYRESPONSE,SUBMITTED,https://civicdb.org/molecular-profiles/4537/summary,2026-10-02
4537,MET Exon 14 Skipping Mutation AND CD274 Overexpression,324; 4522,320; 4536,CD274; MET,11463,Lung Adenocarcinoma,Tepotinib,,C,SUPPORTS,SENSITIVITYRESPONSE,SUBMITTED,https://civicdb.org/molecular-profiles/4537/summary,2026-10-02
4537,MET Exon 14 Skipping Mutation AND CD274 Overexpression,324; 4522,320; 4536,CD274; MET,11695,Lung Adenocarcinoma,Tepotinib,,C,SUPPORTS,SENSITIVITYRESPONSE,SUBMITTED,https://civicdb.org/molecular-profiles/4537/summary,2026-10-02
4539,MET Exon 14 Skipping Mutation AND MET D1228N,324; 649,320; 645,MET,11403,Lung Non-small Cell Carcinoma,Crizotinib,,C,SUPPORTS,RESISTANCE,SUBMITTED,https://civicdb.org/molecular-profiles/4539/summary,2026-10-02
4539,MET Exon 14 Skipping Mutation AND MET D1228N,324; 649,320; 645,MET,11413,Lung Adenocarcinoma,Crizotinib,,C,SUPPORTS,RESISTANCE,SUBMITTED,https://civicdb.org/molecular-profiles/4539/summary,2026-10-02
4541,EGFR L858R AND MET Amplification,33; 270,33; 266,EGFR; MET,11408,Lung Non-small Cell Carcinoma,Gefitinib; Capmatinib,COMBINATION,C,SUPPORTS,SENSITIVITYRESPONSE,SUBMITTED,https://civicdb.org/molecular-profiles/4541/summary,2026-10-02
4543,EGFR Exon 19 Deletion AND MET Y1003N,133; 4525,133; 4542,EGFR; MET,11418,Lung Adenocarcinoma,Osimertinib; Capmatinib,COMBINATION,C,SUPPORTS,SENSITIVITYRESPONSE,SUBMITTED,https://civicdb.org/molecular-profiles/4543/summary,2026-10-02
4544,MET Amplification AND MYC Amplification,270; 2564,266; 2437,MET; MYC,11420,Lung Adenocarcinoma,Capmatinib,,C,SUPPORTS,RESISTANCE,SUBMITTED,https://civicdb.org/molecular-profiles/4544/summary,2026-10-02
4544,MET Amplification AND MYC Amplification,270; 2564,266; 2437,MET; MYC,11421,Lung Adenocarcinoma,ICX-101; Capmatinib,SEQUENTIAL,D,SUPPORTS,SENSITIVITYRESPONSE,SUBMITTED,https://civicdb.org/molecular-profiles/4544/summary,2026-10-02
4571,KRAS G12D AND MET Splice Site (c.2888_3028del),79; 4538,79; 4570,KRAS; MET,11461,Lung Adenocarcinoma,Crizotinib,,C,SUPPORTS,RESISTANCE,SUBMITTED,https://civicdb.org/molecular-profiles/4571/summary,2026-10-02
4573,MET Amplification AND MET Splice Site (c.2888_2919del),270; 4539,266; 4572,MET,11462,Lung Adenocarcinoma,Crizotinib,,C,SUPPORTS,SENSITIVITYRESPONSE,SUBMITTED,https://civicdb.org/molecular-profiles/4573/summary,2026-10-02
4575,EGFR G719A AND MET Splice Site (c.2888-21_2888-20delinsGC),999; 4540,973; 4574,EGFR; MET,11466,Lung Adenocarcinoma,Afatinib; Crizotinib,COMBINATION,C,SUPPORTS,SENSITIVITYRESPONSE,SUBMITTED,https://civicdb.org/molecular-profiles/4575/summary,2026-10-02
4581,EGFR L858R AND EGFR T790M AND MET Exon 14 Skipping Mutation,33; 34; 324,33; 34; 320,EGFR; MET,11486,Lung Adenocarcinoma,Tepotinib,,C,SUPPORTS,SENSITIVITYRESPONSE,SUBMITTED,https://civicdb.org/molecular-profiles/4581/summary,2026-10-02
4616,FLT3 ITD AND FLT3 D835Y,55; 3011,55; 2880,FLT3,247,Acute Myeloid Leukemia,Sorafenib,,C,SUPPORTS,RESISTANCE,ACCEPTED,https://civicdb.org/molecular-profiles/4616/summary,2026-10-02
4648,ERBB2 V777L AND KRAS G12C,44; 78,44; 78,ERBB2; KRAS,11572,Pancreatic Ductal Adenocarcinoma,ARS-1620; Neratinib,COMBINATION,D,SUPPORTS,SENSITIVITYRESPONSE,SUBMITTED,https://civicdb.org/molecular-profiles/4648/summary,2026-10-02
4650,KRAS G12C AND ERBB2 V842I ,78; 4588,78; 4647,ERBB2; KRAS,11573,Pancreatic Ductal Adenocarcinoma,Neratinib; ARS-1620,COMBINATION,D,SUPPORTS,SENSITIVITYRESPONSE,SUBMITTED,https://civicdb.org/molecular-profiles/4650/summary,2026-10-02
4659,EGFR T790M AND EGFR Exon 19 Deletion,34; 133,34; 133,EGFR,1397,Lung Adenocarcinoma,Osimertinib,,C,SUPPORTS,SENSITIVITYRESPONSE,ACCEPTED,https://civicdb.org/molecular-profiles/4659/summary,2026-10-02
4659,EGFR T790M AND EGFR Exon 19 Deletion,34; 133,34; 133,EGFR,11598,Lung Non-small Cell Carcinoma,Osimertinib,,A,SUPPORTS,SENSITIVITYRESPONSE,ACCEPTED,https://civicdb.org/molecular-profiles/4659/summary,2026-10-02
4660,EGFR L858R AND EGFR T790M,33; 34,33; 34,EGFR,11599,Lung Non-small Cell Carcinoma,Osimertinib,,A,SUPPORTS,SENSITIVITYRESPONSE,ACCEPTED,https://civicdb.org/molecular-profiles/4660/summary,2026-10-02
4660,EGFR L858R AND EGFR T790M,33; 34,33; 34,EGFR,13326,Lung Cancer,Nano TACs,,D,SUPPORTS,SENSITIVITYRESPONSE,SUBMITTED,https://civicdb.org/molecular-profiles/4660/summary,2026-10-02
4736,EGFR T790M AND EGFR Exon 19 Deletion AND MET Splice Site (c.3027_3028+21delAGGTATATTTCAGTTTATTGTTC,34; 133; 4642,34; 133; 4735,EGFR; MET,11693,Lung Adenocarcinoma,Osimertinib; Capmatinib,COMBINATION,C,SUPPORTS,SENSITIVITYRESPONSE,SUBMITTED,https://civicdb.org/molecular-profiles/4736/summary,2026-10-02
4762,KRAS G12D AND KRAS G12R AND CDKN2A Loss AND CDKN2B Loss AND SMAD4 Deletion AND TP53 R267W,79; 530; 554; 555; 646; 4656,79; 526; 550; 551; 642; 4761,CDKN2A; CDKN2B; KRAS; SMAD4; TP53,11711,Pancreatic Cancer,Palbociclib; Trametinib; Bevacizumab,COMBINATION,C,SUPPORTS,SENSITIVITYRESPONSE,SUBMITTED,https://civicdb.org/molecular-profiles/4762/summary,2026-10-02
4763,KRAS G12D AND KRAS G12R AND CDKN2A Loss AND CDKN2B Loss AND TP53 R267W,79; 530; 554; 555; 4656,79; 526; 550; 551; 4761,CDKN2A; CDKN2B; KRAS; TP53,11710,Pancreatic Cancer,Palbociclib; Trametinib; Bevacizumab,COMBINATION,C,SUPPORTS,SENSITIVITYRESPONSE,SUBMITTED,https://civicdb.org/molecular-profiles/4763/summary,2026-10-02
4765,BRAF V600E AND ERBB2 Amplification AND SMAD4 LOSS AND TP53 V218E,12; 306; 564; 4657,12; 302; 560; 4764,BRAF; ERBB2; SMAD4; TP53,11712,Pancreatic Cancer,Trametinib; Trastuzumab; Lapatinib; Bevacizumab,COMBINATION,C,SUPPORTS,SENSITIVITYRESPONSE,SUBMITTED,https://civicdb.org/molecular-profiles/4765/summary,2026-10-02
4768,KRAS G12D AND CDKN2A p16 R80*,79; 4659,79; 4767,CDKN2A; KRAS,11713,Pancreatic Cancer,Palbociclib; Trametinib; Afatinib,COMBINATION,C,SUPPORTS,SENSITIVITYRESPONSE,SUBMITTED,https://civicdb.org/molecular-profiles/4768/summary,2026-10-02
4775,KRAS G12D AND GNAS R201C AND NF1 D1976fs,79; 826; 4665,79; 804; 4774,GNAS; KRAS; NF1,11714,Pancreatic Cancer,Trametinib,,C,SUPPORTS,SENSITIVITYRESPONSE,SUBMITTED,https://civicdb.org/molecular-profiles/4775/summary,2026-10-02
5198,ERBB2 Amplification AND YES1 Amplification,306; 5000,302; 5196,ERBB2; YES1,12095,Breast Cancer,Neratinib,,D,SUPPORTS,RESISTANCE,SUBMITTED,https://civicdb.org/molecular-profiles/5198/summary,2026-10-02
5198,ERBB2 Amplification AND YES1 Amplification,306; 5000,302; 5196,ERBB2; YES1,12096,Lung Cancer,Neratinib,,D,SUPPORTS,RESISTANCE,SUBMITTED,https://civicdb.org/molecular-profiles/5198/summary,2026-10-02
5317,PIK3CA Exon 21 Mutation AND PIK3CA Exon 10 Mutation,105; 106,105; 106,PIK3CA,12601,Colorectal Cancer,Aspirin,,B,SUPPORTS,SENSITIVITYRESPONSE,ACCEPTED,https://civicdb.org/molecular-profiles/5317/summary,2026-10-02
5329,EGFR G719A AND EGFR E709K,999; 1412,973; 1320,EGFR,6036,Lung Non-small Cell Carcinoma,Gefitinib; Erlotinib,SUBSTITUTES,C,SUPPORTS,SENSITIVITYRESPONSE,SUBMITTED,https://civicdb.org/molecular-profiles/5329/summary,2026-10-02
5330,EGFR G719C AND EGFR E709A,998; 1414,972; 1322,EGFR,6039,Lung Non-small Cell Carcinoma,Erlotinib,,C,SUPPORTS,SENSITIVITYRESPONSE,SUBMITTED,https://civicdb.org/molecular-profiles/5330/summary,2026-10-02
5332,MAP2K1 C121S AND MAP2K1 G128D,627; 5082,623; 5331,MAP2K1,6385,Langerhans-cell Histiocytosis,Trametinib,,D,SUPPORTS,RESISTANCE,SUBMITTED,https://civicdb.org/molecular-profiles/5332/summary,2026-10-02
5333,EGFR L718Q AND EGFR L718V,2999; 3000,2868; 2869,EGFR,8052,Lung Adenocarcinoma,Osimertinib,,C,SUPPORTS,RESISTANCE,SUBMITTED,https://civicdb.org/molecular-profiles/5333/summary,2026-10-02
5333,EGFR L718Q AND EGFR L718V,2999; 3000,2868; 2869,EGFR,8054,Lung Adenocarcinoma,Afatinib,,C,DOES_NOT_SUPPORT,RESISTANCE,SUBMITTED,https://civicdb.org/molecular-profiles/5333/summary,2026-10-02
5340,TOP1 E418K AND TOP1 -122fs,5086; 5087,5337; 5338,TOP1,12266,Triple-negative Breast Cancer,Sacituzumab Govitecan,,C,SUPPORTS,RESISTANCE,SUBMITTED,https://civicdb.org/molecular-profiles/5340/summary,2026-10-02
5379,BRAF V600E AND NF1 Loss,12; 698,12; 679,BRAF; NF1,90,Melanoma,Vemurafenib,,D,SUPPORTS,RESISTANCE,ACCEPTED,https://civicdb.org/molecular-profiles/5379/summary,2026-10-02
5385,FLT3 ITD AND FLT3 F691L,55; 3071,55; 2940,FLT3,9774,Acute Myeloid Leukemia,Tirbanibulin,,D,SUPPORTS,SENSITIVITYRESPONSE,SUBMITTED,https://civicdb.org/molecular-profiles/5385/summary,2026-10-02
5387,STK11 Mutation AND KEAP1 Mutation,715; 5116,696; 5386,KEAP1; STK11,12340,Lung Non-small Cell Carcinoma,Cisplatin/Pembrolizumab/Pemetrexed Regimen,,B,SUPPORTS,RESISTANCE,SUBMITTED,https://civicdb.org/molecular-profiles/5387/summary,2026-10-02
5393,NF1 D1644H AND NF1 Q1189*,5092; 5120,5346; 5392,NF1,12342,Diffuse Astrocytoma,Selumetinib,,C,SUPPORTS,SENSITIVITYRESPONSE,SUBMITTED,https://civicdb.org/molecular-profiles/5393/summary,2026-10-02
5410,NF1 Splice Site (c.205-1G>C) AND NF1 G629R,5090; 5136,5344; 5409,NF1,12271,Pilocytic Astrocytoma,Trametinib; Selumetinib; Carboplatin; Vincristine,SUBSTITUTES,C,SUPPORTS,SENSITIVITYRESPONSE,SUBMITTED,https://civicdb.org/molecular-profiles/5410/summary,2026-10-02
5411,BRAF V600 AND BRAF Amplification,17; 1269,17; 1243,BRAF,7677,Melanoma,Dabrafenib; Trametinib,COMBINATION,C,SUPPORTS,RESISTANCE,ACCEPTED,https://civicdb.org/molecular-profiles/5411/summary,2026-10-02
5460,CD44 CD44v8-v10 AND CD44 CD44v3-v10,5175; 5176,5458; 5459,CD44,9395,Cancer,RG7356,,B,SUPPORTS,RESISTANCE,SUBMITTED,https://civicdb.org/molecular-profiles/5460/summary,2026-10-02
5468,KIT A829P AND KIT V560_Y578del,990; 5181,964; 5467,KIT,12467,Gastrointestinal Stromal Tumor,Sunitinib; Imatinib,SUBSTITUTES,D,SUPPORTS,RESISTANCE,SUBMITTED,https://civicdb.org/molecular-profiles/5468/summary,2026-10-02
5484,AKT1 E17K AND BRAF V600E,4; 12,4; 12,AKT1; BRAF,707,Melanoma,Uprosertib,,D,SUPPORTS,SENSITIVITYRESPONSE,ACCEPTED,https://civicdb.org/molecular-profiles/5484/summary,2026-10-02
5484,AKT1 E17K AND BRAF V600E,4; 12,4; 12,AKT1; BRAF,13115,Melanoma,Uprosertib; Dabrafenib,COMBINATION,D,SUPPORTS,SENSITIVITYRESPONSE,SUBMITTED,https://civicdb.org/molecular-profiles/5484/summary,2026-10-02
5487,NPM1 MUTATION AND KMT2A Rearrangement,3138; 3141,3007; 3010,KMT2A; NPM1,12436,Acute Myeloid Leukemia,Ziftomenib,,B,SUPPORTS,SENSITIVITYRESPONSE,SUBMITTED,https://civicdb.org/molecular-profiles/5487/summary,2026-10-02
5490,BRAF V600E AND MAP2K1 C121S,12; 627,12; 623,BRAF; MAP2K1,1903,Colorectal Cancer,Vemurafenib; Cetuximab; Irinotecan,COMBINATION,C,SUPPORTS,RESISTANCE,SUBMITTED,https://civicdb.org/molecular-profiles/5490/summary,2026-10-02
5491,BRAF V600E AND GNAS R201C,12; 826,12; 804,BRAF; GNAS,1906,Colorectal Cancer,Vemurafenib; Cetuximab; Irinotecan,COMBINATION,C,SUPPORTS,RESISTANCE,ACCEPTED,https://civicdb.org/molecular-profiles/5491/summary,2026-10-02
5492,BRAF V600E AND ARAF S490T,12; 825,12; 803,ARAF; BRAF,1905,Colorectal Cancer,Vemurafenib; Cetuximab; Irinotecan,COMBINATION,C,SUPPORTS,RESISTANCE,ACCEPTED,https://civicdb.org/molecular-profiles/5492/summary,2026-10-02
5493,BRAF V600E AND MAP2K1 K57T,12; 824,12; 802,BRAF; MAP2K1,1904,Colorectal Cancer,Vemurafenib; Cetuximab; Irinotecan,COMBINATION,C,SUPPORTS,RESISTANCE,SUBMITTED,https://civicdb.org/molecular-profiles/5493/summary,2026-10-02
5494,HRAS Q61K AND BRAF G466E,1392; 2792,1300; 2661,BRAF; HRAS,12447,Cancer,Cetuximab,,D,DOES_NOT_SUPPORT,SENSITIVITYRESPONSE,SUBMITTED,https://civicdb.org/molecular-profiles/5494/summary,2026-10-02
5494,HRAS Q61K AND BRAF G466E,1392; 2792,1300; 2661,BRAF; HRAS,12454,Cancer,Trametinib,,D,SUPPORTS,SENSITIVITYRESPONSE,SUBMITTED,https://civicdb.org/molecular-profiles/5494/summary,2026-10-02
5497,BRAF D594N AND BRAF G466A,1107; 1196,1081; 1170,BRAF,12448,Cancer,Cetuximab,,D,DOES_NOT_SUPPORT,SENSITIVITYRESPONSE,SUBMITTED,https://civicdb.org/molecular-profiles/5497/summary,2026-10-02
5497,BRAF D594N AND BRAF G466A,1107; 1196,1081; 1170,BRAF,12449,Cancer,Crizotinib; Capmatinib,SUBSTITUTES,D,SUPPORTS,SENSITIVITYRESPONSE,SUBMITTED,https://civicdb.org/molecular-profiles/5497/summary,2026-10-02
5498,NRAS Q61K AND BRAF G466V,427; 2222,423; 2098,BRAF; NRAS,12450,Cancer,Cetuximab,,D,SUPPORTS,RESISTANCE,SUBMITTED,https://civicdb.org/molecular-profiles/5498/summary,2026-10-02
5498,NRAS Q61K AND BRAF G466V,427; 2222,423; 2098,BRAF; NRAS,12451,Cancer,Trametinib,,D,DOES_NOT_SUPPORT,RESISTANCE,SUBMITTED,https://civicdb.org/molecular-profiles/5498/summary,2026-10-02
5513,EGFR T790M AND EGFR Exon 19 Deletion AND EGFR C797S,34; 133; 415,34; 133; 411,EGFR,1396,Lung Adenocarcinoma,Osimertinib,,C,SUPPORTS,RESISTANCE,ACCEPTED,https://civicdb.org/molecular-profiles/5513/summary,2026-10-02
5513,EGFR T790M AND EGFR Exon 19 Deletion AND EGFR C797S,34; 133; 415,34; 133; 411,EGFR,13252,Lung Cancer,CH7233163,,D,SUPPORTS,SENSITIVITYRESPONSE,SUBMITTED,https://civicdb.org/molecular-profiles/5513/summary,2026-10-02
5525,MET Overexpression AND ALK Overexpression,621; 2635,617; 2504,ALK; MET,7136,Alveolar Rhabdomyosarcoma,Crizotinib,,D,SUPPORTS,SENSITIVITYRESPONSE,SUBMITTED,https://civicdb.org/molecular-profiles/5525/summary,2026-10-02
5537,RET M918T AND RET G810S,113; 3227,113; 3096,RET,8196,Medullary Thyroid Carcinoma,Selpercatinib,,C,SUPPORTS,RESISTANCE,ACCEPTED,https://civicdb.org/molecular-profiles/5537/summary,2026-10-02
5548,FGFR1 Amplification AND ZNF703 Amplification,267; 5211,263; 5547,FGFR1; ZNF703,12531,Breast Cancer,Letrozole; Ribociclib,COMBINATION,B,SUPPORTS,RESISTANCE,SUBMITTED,https://civicdb.org/molecular-profiles/5548/summary,2026-10-02
5609,ERBB2 Amplification AND CDK12 Amplification,306; 5250,302; 5608,CDK12; ERBB2,12569,Breast Cancer,Trastuzumab Deruxtecan Regimen; Disitamab Vedotin; Trastuzumab Emtansine Regimen,SUBSTITUTES,B,SUPPORTS,SENSITIVITYRESPONSE,SUBMITTED,https://civicdb.org/molecular-profiles/5609/summary,2026-10-02
5702,BRAF V600E AND PIK3R2 N561D,12; 1652,12; 1560,BRAF; PIK3R2,4783,Melanoma,Vemurafenib,,D,SUPPORTS,RESISTANCE,ACCEPTED,https://civicdb.org/molecular-profiles/5702/summary,2026-10-02
5703,BRAF V600E AND NRAS Mutation,12; 208,12; 208,BRAF; NRAS,6263,Melanoma,Vemurafenib; Dabrafenib,SUBSTITUTES,B,SUPPORTS,RESISTANCE,ACCEPTED,https://civicdb.org/molecular-profiles/5703/summary,2026-10-02
5704,BRAF V600E AND PTEN Loss,12; 214,12; 214,BRAF; PTEN,708,Melanoma,Uprosertib,,D,SUPPORTS,SENSITIVITYRESPONSE,ACCEPTED,https://civicdb.org/molecular-profiles/5704/summary,2026-10-02
5704,BRAF V600E AND PTEN Loss,12; 214,12; 214,BRAF; PTEN,13116,Melanoma,Uprosertib; Dabrafenib,COMBINATION,D,SUPPORTS,SENSITIVITYRESPONSE,SUBMITTED,https://civicdb.org/molecular-profiles/5704/summary,2026-10-02
5706,BRAF V600K AND PREX2 R172I,563; 2364,559; 2237,BRAF; PREX2,6268,Melanoma,Vemurafenib,,C,SUPPORTS,RESISTANCE,ACCEPTED,https://civicdb.org/molecular-profiles/5706/summary,2026-10-02
5743,EGFR Exon 25 Deletion AND EGFR Exon 26 Deletion AND EGFR Exon 27 Deletion,5327; 5328; 5329,5740; 5741; 5742,EGFR,12685,Glioblastoma,Tyrphostin AG 1478,,D,SUPPORTS,SENSITIVITYRESPONSE,SUBMITTED,https://civicdb.org/molecular-profiles/5743/summary,2026-10-02
5776,PIK3CA E545K AND FGFR3 S249C AND FGFR3 N540K,104; 628; 3693,104; 624; 3561,FGFR3; PIK3CA,12703,Urothelial Carcinoma,Erdafitinib,,C,SUPPORTS,RESISTANCE,ACCEPTED,https://civicdb.org/molecular-profiles/5776/summary,2026-10-02
5777,FGFR3 Y373C AND FGFR3 N540K,2404; 3693,2277; 3561,FGFR3,12704,Urothelial Carcinoma,Erdafitinib; Futibatinib,SEQUENTIAL,C,SUPPORTS,RESISTANCE,ACCEPTED,https://civicdb.org/molecular-profiles/5777/summary,2026-10-02
5795,MTAP Underexpression AND CDKN2A Underexpression,867; 5359,841; 5794,CDKN2A; MTAP,12723,Lung Adenocarcinoma,Pemetrexed,,B,SUPPORTS,SENSITIVITYRESPONSE,SUBMITTED,https://civicdb.org/molecular-profiles/5795/summary,2026-10-02
5800,FGFR1 Amplification AND MYC Overexpression,267; 1303,263; 1277,FGFR1; MYC,7811,Lung Squamous Cell Carcinoma,Pazopanib,,C,SUPPORTS,SENSITIVITYRESPONSE,ACCEPTED,https://civicdb.org/molecular-profiles/5800/summary,2026-10-02
5804,BRAF V600E AND PIK3CA Overexpression,12; 2362,12; 2235,BRAF; PIK3CA,6275,Melanoma,Vemurafenib,,D,SUPPORTS,RESISTANCE,ACCEPTED,https://civicdb.org/molecular-profiles/5804/summary,2026-10-02
5806,BRAF V600E AND KRAS G12D,12; 79,12; 79,BRAF; KRAS,3957,Melanoma,Vemurafenib,,D,SUPPORTS,RESISTANCE,ACCEPTED,https://civicdb.org/molecular-profiles/5806/summary,2026-10-02
5809,KIT W557_K558del AND KIT N822K,961; 1263,935; 1237,KIT,4169,Gastrointestinal Stromal Tumor,Regorafenib Anhydrous,,D,SUPPORTS,RESISTANCE,ACCEPTED,https://civicdb.org/molecular-profiles/5809/summary,2026-10-02
5809,KIT W557_K558del AND KIT N822K,961; 1263,935; 1237,KIT,7414,Gastrointestinal Stromal Tumor,Sunitinib; Imatinib,SUBSTITUTES,D,SUPPORTS,RESISTANCE,ACCEPTED,https://civicdb.org/molecular-profiles/5809/summary,2026-10-02
5810,KIT W557_K558del AND KIT D820G,961; 1266,935; 1240,KIT,4165,Gastrointestinal Stromal Tumor,Regorafenib,,D,SUPPORTS,RESISTANCE,SUBMITTED,https://civicdb.org/molecular-profiles/5810/summary,2026-10-02
5810,KIT W557_K558del AND KIT D820G,961; 1266,935; 1240,KIT,7412,Gastrointestinal Stromal Tumor,Ponatinib,,D,SUPPORTS,SENSITIVITYRESPONSE,SUBMITTED,https://civicdb.org/molecular-profiles/5810/summary,2026-10-02
5811,KIT D816E AND KIT V560_Y578del,1559; 5181,1467; 5467,KIT,7401,Gastrointestinal Stromal Tumor,Ponatinib,,D,DOES_NOT_SUPPORT,RESISTANCE,ACCEPTED,https://civicdb.org/molecular-profiles/5811/summary,2026-10-02
5813,PIK3CA K111N AND PTEN Underexpression,1234; 5369,1208; 5812,PIK3CA; PTEN,8274,HER2 Positive Breast Cancer,Trastuzumab,,D,SUPPORTS,RESISTANCE,ACCEPTED,https://civicdb.org/molecular-profiles/5813/summary,2026-10-02
5813,PIK3CA K111N AND PTEN Underexpression,1234; 5369,1208; 5812,PIK3CA; PTEN,8275,HER2 Positive Breast Cancer,Lapatinib,,D,SUPPORTS,RESISTANCE,ACCEPTED,https://civicdb.org/molecular-profiles/5813/summary,2026-10-02
5813,PIK3CA K111N AND PTEN Underexpression,1234; 5369,1208; 5812,PIK3CA; PTEN,8276,HER2 Positive Breast Cancer,Dactolisib,,D,SUPPORTS,RESISTANCE,ACCEPTED,https://civicdb.org/molecular-profiles/5813/summary,2026-10-02
5813,PIK3CA K111N AND PTEN Underexpression,1234; 5369,1208; 5812,PIK3CA; PTEN,8277,HER2 Positive Breast Cancer,Lapatinib; Trastuzumab,COMBINATION,D,SUPPORTS,SENSITIVITYRESPONSE,SUBMITTED,https://civicdb.org/molecular-profiles/5813/summary,2026-10-02
5813,PIK3CA K111N AND PTEN Underexpression,1234; 5369,1208; 5812,PIK3CA; PTEN,8278,HER2 Positive Breast Cancer,Lapatinib; Dactolisib,COMBINATION,D,DOES_NOT_SUPPORT,RESISTANCE,ACCEPTED,https://civicdb.org/molecular-profiles/5813/summary,2026-10-02
5813,PIK3CA K111N AND PTEN Underexpression,1234; 5369,1208; 5812,PIK3CA; PTEN,8279,HER2 Positive Breast Cancer,Trastuzumab; Dactolisib,COMBINATION,D,DOES_NOT_SUPPORT,RESISTANCE,ACCEPTED,https://civicdb.org/molecular-profiles/5813/summary,2026-10-02
5813,PIK3CA K111N AND PTEN Underexpression,1234; 5369,1208; 5812,PIK3CA; PTEN,8283,HER2 Positive Breast Cancer,Dactolisib; Trastuzumab,COMBINATION,D,SUPPORTS,SENSITIVITYRESPONSE,SUBMITTED,https://civicdb.org/molecular-profiles/5813/summary,2026-10-02
5816,BRAF V600 AND PTEN Underexpression,17; 5369,17; 5812,BRAF; PTEN,6271,Melanoma,Vemurafenib,,D,SUPPORTS,RESISTANCE,ACCEPTED,https://civicdb.org/molecular-profiles/5816/summary,2026-10-02
5837,BRAF V600E AND KRAS Mutation,12; 336,12; 332,BRAF; KRAS,6264,Melanoma,Vemurafenib; Dabrafenib,SUBSTITUTES,B,SUPPORTS,RESISTANCE,ACCEPTED,https://civicdb.org/molecular-profiles/5837/summary,2026-10-02
5849,FGFR2 Mutation AND CDH1 MUTATION AND CDKN2A Mutation AND CDKN2B Mutation,511; 664; 2704; 5392,507; 660; 2573; 5842,CDH1; CDKN2A; CDKN2B; FGFR2,12777,Cholangiocarcinoma,Pazopanib; Crizotinib; Palbociclib Regimen,COMBINATION,C,SUPPORTS,SENSITIVITYRESPONSE,SUBMITTED,https://civicdb.org/molecular-profiles/5849/summary,2026-10-02
5871,EGFR E701fs AND EGFR L702fs,5412; 5413,5869; 5870,EGFR,12865,Lung Non-small Cell Carcinoma,Osimertinib Mesylate,,C,SUPPORTS,SENSITIVITYRESPONSE,SUBMITTED,https://civicdb.org/molecular-profiles/5871/summary,2026-10-02
5916,STK11 Rearrangement exon 1 AND KEAP1 G417W,5448; 5449,5914; 5915,KEAP1; STK11,12933,Lung Non-small Cell Carcinoma,Chemoimmunotherapy; Palliative Radiation Therapy,SEQUENTIAL,C,SUPPORTS,RESISTANCE,SUBMITTED,https://civicdb.org/molecular-profiles/5916/summary,2026-10-02
5927,EGFR T790M AND EGFR Exon 19 del,34; 5456,34; 5926,EGFR,12946,Lung Adenocarcinoma,Osimertinib,,C,SUPPORTS,SENSITIVITYRESPONSE,ACCEPTED,https://civicdb.org/molecular-profiles/5927/summary,2026-10-02
5939,KIT Exon 11 Mutation AND KIT Exon 9 Mutation,66; 509,66; 505,KIT,12949,Gastrointestinal Stromal Tumor,Imatinib,,C,SUPPORTS,SENSITIVITYRESPONSE,SUBMITTED,https://civicdb.org/molecular-profiles/5939/summary,2026-10-02
6008,EGFR L833V AND EGFR H835L,5520; 5521,6005; 6006,EGFR,13093,Lung Adenocarcinoma,Firmonertinib,,C,SUPPORTS,SENSITIVITYRESPONSE,SUBMITTED,https://civicdb.org/molecular-profiles/6008/summary,2026-10-02
6021,KRAS G12D AND TSC1 Loss-of-function,79; 125,79; 125,KRAS; TSC1,154,Lung Adenocarcinoma,Sirolimus,,D,SUPPORTS,SENSITIVITYRESPONSE,ACCEPTED,https://civicdb.org/molecular-profiles/6021/summary,2026-10-02
